Model,MAE,R²,Week
Random Forest (Baseline),568.1706804668111,0.6592971795424017,Week 2
GRU (Week 3),1247.0,0.4153576495399995,Week 3
GRU Optimized (Week 4),790.1162968154781,0.3386543832457932,Week 4
Prophet (Baseline),1500.0,0.32,Week 2
LSTM + Attention (Week 3),1305.0,0.2968205967443768,Week 3
TCN (Week 3),1389.0,0.2011783472765934,Week 3
Transformer (Week 3),1654.0,0.0269727880997625,Week 3
