Model,MAE,RMSE,MAPE (%),R²
Prophet,963.0899701295352,1302.1185881803262,7278.146910802641,0.1365725996956959
Random Forest,661.9602701486348,935.808028528207,5324.848863864187,0.5527536198548143
