Metric,Value
MAE,790.1162968154781
RMSE,1150.962454889131
R²,0.3386543832457932
