units,dropout,learning_rate,batch_size
96,0.2026439980301298,0.0006333667355395976,32
